post_id,user_id,body
1,2,"Great leadership on that mission, Cyclops! Your tactical vision saved the day! üéØ"
1,3,"The X-Men are lucky to have someone with your experience leading them."
1,4,"Your optic blasts were perfectly controlled during that operation!"
2,5,"I am Groot! (Translation: Excellent work protecting the galaxy!) üå≥"
2,6,"Your strength and heart make you an invaluable Guardian, Groot!"
2,7,"The way you sacrificed yourself to save the team was truly heroic!"
3,8,"Shazam! Your lightning powers are getting stronger every mission! ‚ö°"
3,9,"The wisdom of Solomon really shows in your strategic thinking!"
3,10,"Billy, your transformation timing was perfect during that fight!"
4,11,"Vision, your analytical approach to that mission was flawless!"
4,12,"The way you phased through those obstacles was incredible to watch!"
4,13,"Your synthetic emotion understanding of humanity grows stronger each day."
5,14,"Winter Soldier, your tactical expertise was crucial in that operation!"
5,15,"Bucky, seeing you fight for justice instead of against it is inspiring!"
5,16,"Your metal arm and combat skills make you a formidable Avenger!"
6,17,"Rogue, your power absorption abilities were perfectly controlled!"
6,18,"The way you handled that dangerous mutant threat was masterful!"
6,19,"Your Southern charm and fierce determination make you a true X-Man!"
7,20,"Beast, your scientific knowledge saved the day once again! üß¨"
7,21,"Hank, your agility combined with your intellect is unmatched!"
7,22,"The X-Men's research division is lucky to have your brilliant mind!"
8,23,"Falcon, your aerial reconnaissance provided crucial intelligence!"
8,24,"Sam, your loyalty to Captain America and the team is unwavering!"
8,25,"Those mechanical wings give you the perfect tactical advantage! ü¶Ö"
9,26,"Jean Grey, your telepathic coordination of the team was flawless!"
9,27,"The Phoenix Force is strong with you, but you control it beautifully!"
9,28,"Your psychic powers and compassion make you a true X-Men leader!"
10,29,"Aquaman, your command of the seas was absolutely majestic!"
10,30,"Arthur, your trident work during that underwater battle was legendary!"
10,31,"The way you communicate with sea creatures never fails to amaze me! üåä"
11,32,"Beast, your scientific breakthrough will help mutants everywhere!"
11,33,"Your blue fur and brilliant mind make you uniquely wonderful!"
11,34,"The way you balance intellect and physical prowess is inspiring!"
12,35,"Thor, your hammer work in that battle was truly godlike! ‚ö°"
12,36,"The power of Asgard flows through you magnificently!"
12,37,"Your thunderous entrance always strikes fear into villains' hearts!"
13,38,"Groot, your sacrifice to protect the team shows your noble heart!"
13,39,"I am Groot! (Your bravery inspires us all!) üå±"
13,40,"Watching you regenerate after battle never gets old!"
14,41,"Silver Surfer, your cosmic awareness saved countless lives!"
14,42,"The Power Cosmic flowing through you is breathtaking to witness!"
14,43,"Your surfboard maneuvers through space are absolutely incredible! üèÑ"
15,44,"Winter Soldier, your rehabilitation story gives hope to everyone!"
15,45,"Bucky, your sniper skills are unmatched in the field!"
15,46,"The way you've overcome your past programming is truly heroic!"
16,47,"Hulk, your strength protected so many innocent people!"
16,48,"Bruce, your control over the Hulk is getting better every day!"
16,49,"HULK SMASH... but with purpose and heroism! üí™"
17,50,"Batman, your detective work uncovered the villain's entire plan!"
17,1,"Bruce, your gadgets and preparation saved Gotham once again!"
17,2,"The Dark Knight's intelligence gathering was absolutely crucial!"
18,3,"Black Panther, your leadership of Wakanda is truly inspiring!"
18,4,"T'Challa, your vibranium suit technology is incredible!"
18,5,"The way you balance being a king and superhero is remarkable! üëë"
19,6,"Aquaman, your underwater combat skills are legendary!"
19,7,"The trident of Poseidon in your hands is a sight to behold!"
19,8,"Your dedication to protecting both land and sea is admirable!"
20,9,"Doctor Strange, your mystical arts saved reality itself!"
20,10,"Stephen, your mastery of the mystic arts grows stronger daily!"
20,11,"The way you manipulate time and space is mind-bending! ‚ú®"
21,12,"Shazam, your pure heart makes you worthy of those powers!"
21,13,"Billy, your youthful enthusiasm brings joy to every mission!"
21,14,"The lightning of the gods responds to your noble spirit!"
22,15,"Groot, your loyalty to the Guardians is absolutely unwavering!"
22,16,"The way you protect your friends shows your true character!"
22,17,"Your growth and regeneration abilities are fascinating!"
23,18,"Batman, your contingency plans saved the entire Justice League!"
23,19,"Bruce, your tactical mind is unmatched in the superhero community!"
23,20,"The way you strike fear into criminals' hearts is legendary!"
24,21,"Doctor Strange, your spell work during that battle was masterful!"
24,22,"The Eye of Agamotto chose well when it picked you!"
24,23,"Your dedication to protecting the mystical realm is admirable!"
25,24,"Black Widow, your espionage skills uncovered the conspiracy!"
25,25,"Natasha, your combat prowess and intelligence are unmatched!"
25,26,"The way you've turned your past into a force for good is inspiring!"
26,27,"Rocket Raccoon, your tactical genius saved the galaxy!"
26,28,"Your weapons modifications are absolutely incredible!"
26,29,"The way you care for your team despite your tough exterior is touching! üöÄ"
27,30,"Doctor Strange, your portal magic provided the perfect escape!"
27,31,"The sanctum sanctorum is lucky to have you as its guardian!"
27,32,"Your sacrifice to save the universe will never be forgotten!"
28,33,"Scarlet Witch, your reality-altering powers are incredible!"
28,34,"Wanda, your hex bolts during that fight were perfectly aimed!"
28,35,"The way you channel your grief into heroism is truly inspiring!"
29,36,"Black Panther, your vibranium claws were devastatingly effective!"
29,37,"T'Challa, your warrior skills honor the Black Panther legacy!"
29,38,"Wakanda Forever! Your leadership inspires the entire nation!"
30,39,"Groot, your branching abilities created the perfect defense!"
30,40,"The way you communicate through 'I am Groot' is uniquely charming!"
30,41,"Your sacrifice for the Guardians shows your heroic heart!"
31,42,"Hulk, your controlled rage protected everyone perfectly!"
31,43,"Bruce, your scientific mind and Hulk's strength make a perfect team!"
31,44,"The way you channel anger into heroism is truly remarkable!"
32,45,"Captain Marvel, your cosmic powers saved the entire planet!"
32,46,"Carol, your military training and superpowers are perfectly balanced!"
32,47,"The way you punch through spaceships never gets old! ‚≠ê"
33,48,"Wonder Woman, your lasso of truth revealed the villain's plan!"
33,49,"Diana, your Amazonian training shows in every battle!"
33,50,"Your compassion and strength make you a true hero!"
34,1,"Martian Manhunter, your shapeshifting abilities were crucial!"
34,2,"J'onn, your telepathic coordination kept the team together!"
34,3,"Your Martian strength and wisdom guide the Justice League!"
35,4,"Thor, your worthiness of Mjolnir proves your noble heart!"
35,5,"The God of Thunder's power is truly awe-inspiring!"
35,6,"Your Asgardian heritage brings honor to the Avengers!"
36,7,"Flash, your speed force manipulation was absolutely incredible!"
36,8,"Barry, your time-travel abilities saved the timeline!"
36,9,"The way you vibrate through walls never fails to amaze me! ‚ö°"
37,10,"Green Lantern, your willpower constructs were perfectly formed!"
37,11,"Hal, your ring chose well when it picked you!"
37,12,"The way you overcome fear with willpower is truly inspiring!"
38,13,"Vision, your density manipulation during that fight was flawless!"
38,14,"Your android perspective on humanity is deeply moving!"
38,15,"The Mind Stone's power flows through you beautifully!"
39,16,"Batman, your detective skills solved the unsolvable case!"
39,17,"Bruce, your preparation and paranoia saved everyone!"
39,18,"The Dark Knight's justice never wavers!"
40,19,"Falcon, your aerial support provided crucial battlefield advantage!"
40,20,"Sam, your leadership as the new Captain America is inspiring!"
40,21,"Those wings give you the perfect tactical perspective!"
41,22,"Martian Manhunter, your shape-shifting infiltration was perfect!"
41,23,"J'onn, your telepathic abilities prevented a disaster!"
41,24,"Your Martian vision sees what others miss!"
42,25,"Superman, your moral compass guides all of us!"
42,26,"Clark, your strength is matched only by your compassion!"
42,27,"The way you inspire hope in everyone is your greatest power! üåü"
43,28,"Beast, your scientific analysis saved the day!"
43,29,"Hank, your acrobatic fighting style is uniquely effective!"
43,30,"Your combination of brains and agility is unmatched!"
44,31,"Martian Manhunter, your psychic powers prevented mind control!"
44,32,"J'onn, your shape-shifting abilities are endlessly useful!"
44,33,"The last son of Mars brings honor to the Justice League!"
45,34,"Black Panther, your tactical leadership was flawless!"
45,35,"T'Challa, your vibranium technology gives Wakanda the edge!"
45,36,"Your warrior spirit and royal wisdom make you a true king!"
46,37,"Martian Manhunter, your telepathic network kept everyone connected!"
46,38,"J'onn, your Martian strength rivals Superman's!"
46,39,"Your shape-shifting abilities saved the undercover mission!"
47,40,"Rocket Raccoon, your weapons expertise was crucial!"
47,41,"Your tactical mind and sharp tongue make you invaluable!"
47,42,"The way you build impossible weapons is pure genius!"
48,43,"Zatanna, your backwards magic spells were perfectly timed!"
48,44,"Your magical abilities bring mystical balance to the team!"
48,45,"The way you cast spells in reverse is uniquely effective! ‚ú®"
49,46,"Nightcrawler, your teleportation abilities saved everyone!"
49,47,"Kurt, your acrobatic skills combined with teleporting are amazing!"
49,48,"Your blue appearance and noble heart make you a true X-Man!"
50,49,"Flash, your speed force mastery prevented the catastrophe!"
50,50,"Barry, your time-travel knowledge saved the timeline!"
50,1,"The way you run through time itself is absolutely incredible!"
51,2,"Nightcrawler, your teleportation precision was surgical!"
51,3,"Kurt, your swashbuckling style brings flair to every fight!"
51,4,"Your BAMF smoke clouds are both effective and stylish!"
52,5,"Nightcrawler, your acrobatic combat is poetry in motion!"
52,6,"Kurt, your teleportation timing was absolutely perfect!"
52,7,"Your circus background really shows in your fighting style!"
53,8,"Thor, your hammer throws were devastatingly accurate!"
53,9,"The Odinson's power shakes the very foundations of reality!"
53,10,"Your worthiness of Mjolnir inspires all who witness it!"
54,11,"Hawkeye, your archery skills never miss their mark!"
54,12,"Clint, your tactical positioning was absolutely crucial!"
54,13,"The way you make every arrow count is truly masterful! üèπ"
55,14,"Gamora, your sword work was absolutely lethal!"
55,15,"Your assassin training serves the Guardians well!"
55,16,"The way you've turned from villain to hero is inspiring!"
56,17,"Nightcrawler, your teleportation saved the entire team!"
56,18,"Kurt, your faith and heroism shine through every action!"
56,19,"Your blue skin and golden heart make you special!"
57,20,"Black Panther, your claws were devastatingly effective!"
57,21,"T'Challa, your jungle cat reflexes are incredible!"
57,22,"The spirit of the Black Panther flows through you!"
58,23,"Ant-Man, your size-changing abilities were perfectly timed!"
58,24,"Scott, your shrinking powers provided the perfect infiltration!"
58,25,"The way you communicate with ants is fascinating! üêú"
59,26,"Captain Marvel, your energy absorption powers saved everyone!"
59,27,"Carol, your military precision and cosmic powers are unmatched!"
59,28,"The way you fly through space is absolutely incredible!"
60,29,"Black Widow, your spy skills uncovered the truth!"
60,30,"Natasha, your combat expertise is legendary!"
60,31,"Your red hair and deadly skills make you unforgettable!"
61,32,"Wolverine, your healing factor kept you in the fight!"
61,33,"Logan, your adamantium claws cut through anything!"
61,34,"The way you protect the X-Men is truly touching! üê∫"
62,35,"Vision, your synthetic wisdom guided the team perfectly!"
62,36,"Your ability to phase through matter is incredibly useful!"
62,37,"The way you process emotions is beautifully human!"
63,38,"Captain Marvel, your cosmic awareness prevented disaster!"
63,39,"Carol, your strength rivals the gods themselves!"
63,40,"The way you channel stellar energy is breathtaking!"
64,41,"Captain America, your shield work was absolutely flawless!"
64,42,"Steve, your leadership inspires everyone around you!"
64,43,"The way you never give up embodies the American spirit! üá∫üá∏"
65,44,"Superman, your heat vision was precisely controlled!"
65,45,"Clark, your strength is matched by your gentle heart!"
65,46,"The way you inspire hope in everyone is incredible!"
66,47,"Green Arrow, your archery skills rival Hawkeye's!"
66,48,"Oliver, your trick arrows were perfectly chosen!"
66,49,"The way you protect Star City is truly admirable!"
67,50,"Gamora, your combat skills are absolutely deadly!"
67,1,"Your redemption arc from villain to hero is inspiring!"
67,2,"The way you fight for the Guardians shows your true heart!"
68,3,"Groot, your branching abilities created perfect cover!"
68,4,"The way you protect your friends is absolutely touching!"
68,5,"Your growth powers make you the perfect Guardian!"
69,6,"Flash, your speed calculations were absolutely perfect!"
69,7,"Barry, your quick thinking saved the day!"
69,8,"The way you move at light speed is mind-blowing!"
70,9,"Flash, your time-travel expertise prevented catastrophe!"
70,10,"Barry, your speed force mastery is absolutely incredible!"
70,11,"The way you vibrate through dimensions is fascinating!"
71,12,"Zatanna, your magic spells were perfectly executed!"
71,13,"Your mystical powers bring balance to the team!"
71,14,"The way you cast spells backwards is uniquely effective!"
72,15,"Captain Marvel, your cosmic powers saved the galaxy!"
72,16,"Carol, your military training shows in every battle!"
72,17,"The way you absorb energy attacks is incredible!"
73,18,"Zatanna, your magical expertise was crucial!"
73,19,"Your spell-casting abilities are absolutely mesmerizing!"
73,20,"The way you manipulate reality with words is amazing!"
74,21,"Black Widow, your espionage skills are unmatched!"
74,22,"Natasha, your combat prowess is legendary!"
74,23,"The way you've overcome your past is truly inspiring!"
75,24,"Beast, your scientific breakthrough changed everything!"
75,25,"Hank, your intelligence and agility make you unique!"
75,26,"Your blue fur and brilliant mind are perfectly balanced!"
76,27,"Spider-Man, your web-slinging was absolutely perfect!"
76,28,"Peter, your spider-sense saved everyone!"
76,29,"The way you balance heroism and humor is incredible! üï∑Ô∏è"
77,30,"Green Lantern, your willpower constructs were amazing!"
77,31,"Hal, your ring mastery is absolutely incredible!"
77,32,"The way you overcome fear with will is inspiring!"
78,33,"Captain Marvel, your energy projection was flawless!"
78,34,"Carol, your cosmic awareness prevented disaster!"
78,35,"The way you channel the power of stars is breathtaking!"
79,36,"Star-Lord, your leadership of the Guardians is inspiring!"
79,37,"Peter, your mix of 80s music and space heroics is unique!"
79,38,"The way you bring the team together is remarkable!"
80,39,"Cyclops, your optic blasts were perfectly controlled!"
80,40,"Scott, your tactical leadership saved the X-Men!"
80,41,"The way you coordinate the team is absolutely crucial!"
1,42,"Your strategic mind makes you the perfect X-Men leader!"
2,43,"Groot's sacrifice for the team was absolutely heroic!"
3,44,"Shazam's lightning powers grow stronger with each battle!"
4,45,"Vision's analytical approach saved countless lives!"
5,46,"Winter Soldier's redemption story inspires everyone!"
6,47,"Rogue's power control is getting better every day!"
7,48,"Beast's scientific mind solved the impossible problem!"
8,49,"Falcon's aerial reconnaissance was absolutely crucial!"
9,50,"Jean Grey's telepathic powers coordinated the team perfectly!"
10,1,"Aquaman's command of the seas was absolutely majestic!"
11,2,"Beast's combination of intellect and strength is unmatched!"
12,3,"Thor's worthiness of Mjolnir proves his noble heart!"
13,4,"Groot's loyalty to the Guardians is absolutely touching!"
14,5,"Silver Surfer's cosmic awareness saved reality itself!"
15,6,"Winter Soldier's tactical expertise was crucial!"
16,7,"Hulk's controlled rage protected everyone perfectly!"
17,8,"Batman's detective work uncovered the entire conspiracy!"
18,9,"Black Panther's vibranium technology is incredible!"
19,10,"Aquaman's underwater combat skills are legendary!"
20,11,"Doctor Strange's mystical mastery saved the universe!"
21,12,"Shazam's pure heart makes him worthy of divine power!"
22,13,"Groot's regeneration abilities never cease to amaze!"
23,14,"Batman's contingency plans saved the Justice League!"
24,15,"Doctor Strange's portal magic provided perfect escape!"
25,16,"Black Widow's spy skills uncovered the truth!"
26,17,"Rocket Raccoon's weapons expertise was absolutely crucial!"
27,18,"Doctor Strange's time manipulation prevented catastrophe!"
28,19,"Scarlet Witch's reality-altering powers are incredible!"
29,20,"Black Panther's warrior skills honor his legacy!"
30,21,"Groot's branching abilities created perfect defense!"
31,22,"Hulk's strength and Banner's intellect work perfectly together!"
32,23,"Captain Marvel's cosmic powers saved the planet!"
33,24,"Wonder Woman's lasso of truth revealed everything!"
34,25,"Martian Manhunter's telepathic abilities prevented disaster!"
35,26,"Thor's godlike power is truly awe-inspiring!"
36,27,"Flash's speed force manipulation was incredible!"
37,28,"Green Lantern's willpower constructs were perfectly formed!"
38,29,"Vision's density control during battle was flawless!"
39,30,"Batman's preparation and paranoia saved everyone!"
40,31,"Falcon's aerial support provided crucial advantage!"
41,32,"Martian Manhunter's shape-shifting infiltration was perfect!"
42,33,"Superman's moral compass guides all heroes!"
43,34,"Beast's scientific analysis changed everything!"
44,35,"Martian Manhunter's psychic powers prevented mind control!"
45,36,"Black Panther's tactical leadership was absolutely flawless!"
46,37,"Martian Manhunter's telepathic network kept everyone connected!"
47,38,"Rocket Raccoon's impossible weapons are pure genius!"
48,39,"Zatanna's backwards magic spells were perfectly timed!"
49,40,"Nightcrawler's teleportation abilities saved the team!"
50,41,"Flash's speed force mastery prevented the catastrophe!"
51,42,"Nightcrawler's teleportation precision was surgical!"
52,43,"Nightcrawler's acrobatic combat is poetry in motion!"
53,44,"Thor's hammer throws were devastatingly accurate!"
54,45,"Hawkeye's archery skills never miss their mark!"
55,46,"Gamora's sword work was absolutely lethal!"
56,47,"Nightcrawler's teleportation saved the entire team!"
57,48,"Black Panther's claws were devastatingly effective!"
58,49,"Ant-Man's size-changing abilities were perfectly timed!"
59,50,"Captain Marvel's energy absorption powers saved everyone!"
60,1,"Black Widow's spy skills uncovered the conspiracy!"
61,2,"Wolverine's healing factor kept him fighting!"
62,3,"Vision's synthetic wisdom guided the team perfectly!"
63,4,"Captain Marvel's cosmic awareness prevented disaster!"
64,5,"Captain America's shield work was absolutely flawless!"
65,6,"Superman's heat vision was precisely controlled!"
66,7,"Green Arrow's archery skills are absolutely incredible!"
67,8,"Gamora's combat skills are absolutely deadly!"
68,9,"Groot's branching abilities created perfect cover!"
69,10,"Flash's speed calculations were absolutely perfect!"
70,11,"Flash's time-travel expertise prevented catastrophe!"
71,12,"Zatanna's magic spells were perfectly executed!"
72,13,"Captain Marvel's cosmic powers saved the galaxy!"
73,14,"Zatanna's magical expertise was absolutely crucial!"
74,15,"Black Widow's espionage skills are completely unmatched!"
75,16,"Beast's scientific breakthrough changed everything!"
76,17,"Spider-Man's web-slinging was absolutely perfect!"
77,18,"Green Lantern's willpower constructs were amazing!"
78,19,"Captain Marvel's energy projection was flawless!"
79,20,"Star-Lord's leadership of the Guardians is inspiring!"
80,21,"Cyclops's optic blasts were perfectly controlled!"