group_id,sender_id,is_read,content,created_at
1,1,true,Team meeting recap: New security protocols implemented for watchtower access.,2024-01-01 10:00:00
1,2,true,Good call. I've updated the Batcomputer to sync with new protocols.,2024-01-01 10:15:00
1,3,true,Wonder Woman reporting: Themyscira offering additional training sessions for team members.,2024-01-01 11:30:00
1,5,true,I've added some Stark Tech upgrades to the training room.,2024-01-01 14:20:00
1,2,false,When can we test the new equipment?,2024-01-01 14:25:00
2,2,true,Just pushed updates to our quantum encryption system. Check the docs.,2024-01-02 09:00:00
2,6,true,Found some interesting patterns in the neural network implementation.,2024-01-02 09:05:00
2,7,true,Running final tests on the new AI defense protocols.,2024-01-02 09:10:00
2,8,false,Code review needed for the teleportation matrix.,2024-01-02 09:15:00
2,9,false,I'll handle the review. Let's meet in the virtual lab.,2024-01-02 09:20:00
3,3,true,This month's book: 'The Physics of Superhuman Abilities' - Chapter 1 discussion tonight!,2024-01-03 11:00:00
3,11,true,Fascinating insights on energy manipulation theory.,2024-01-03 11:30:00
3,12,true,The quantum mechanics chapter really explains a lot about my powers.,2024-01-03 12:00:00
3,13,false,Looking forward to discussing the multiverse implications.,2024-01-03 12:05:00
3,14,false,Added some practical examples from recent missions.,2024-01-03 12:10:00
4,4,true,New photo series: 'Heroes in Motion' - Tips for capturing super-speed actions.,2024-01-04 13:00:00
4,16,true,Shared my technique for shooting web-swinging sequences.,2024-01-04 13:15:00
4,17,true,Anyone interested in a night photography session of Gotham?,2024-01-04 13:30:00
4,19,false,I can provide aerial coverage with my wings.,2024-01-04 13:45:00
4,20,false,Great idea! The city lights create amazing effects.,2024-01-04 14:00:00
5,5,true,Training room schedule updated - Added new obstacle course.,2024-01-05 15:00:00
5,21,true,The anti-gravity chamber is ready for speed training.,2024-01-05 15:15:00
5,22,true,Who's up for power control exercises tomorrow?,2024-01-05 15:30:00
5,23,false,Count me in! Need to work on energy projection.,2024-01-05 15:45:00
5,24,false,Set up some target practice drones for everyone.,2024-01-05 16:00:00
6,6,true,Art therapy session: 'Expressing Powers Through Colors',2024-01-06 17:00:00
6,26,true,My energy manipulation creates interesting patterns.,2024-01-06 17:15:00
6,27,true,Using phasing powers for unique canvas textures.,2024-01-06 17:30:00
6,28,false,Tomorrow's workshop: 'Drawing at Super Speed',2024-01-06 17:45:00
6,30,false,Don't forget to bring power-resistant materials!,2024-01-06 18:00:00
7,7,true,Mission Report: Discovered ancient artifacts in the Savage Land.,2024-01-07 19:00:00
7,31,true,Mapped out the underground temple complex.,2024-01-07 19:15:00
7,32,true,Energy readings suggest extraterrestrial origin.,2024-01-07 19:30:00
7,33,false,Preparing teleport coordinates for the team.,2024-01-07 19:45:00
7,34,false,Weather control ready for the expedition.,2024-01-07 20:00:00
8,8,true,New composition: 'Sounds of Super Speed' ready for rehearsal.,2024-01-08 21:00:00
8,36,true,Added some sonic boom effects to the bridge.,2024-01-08 21:15:00
8,37,true,Can we incorporate Banshee's sonic powers?,2024-01-08 21:30:00
8,39,false,Working on a power-amplified drum section.,2024-01-08 21:45:00
8,40,false,Studio's soundproofing can handle our full power.,2024-01-08 22:00:00